/*
Navicat MySQL Data Transfer

Source Server         : mysqldbserver
Source Server Version : 50552
Source Host           : 192.168.146.128:33060
Source Database       : spring-security-study

Target Server Type    : MYSQL
Target Server Version : 50552
File Encoding         : 65001

Date: 2017-07-13 17:39:17
*/

SET FOREIGN_KEY_CHECKS=0;

-- ----------------------------
-- Table structure for ClientDetails
-- ----------------------------
DROP TABLE IF EXISTS `ClientDetails`;
CREATE TABLE `ClientDetails` (
  `appId` varchar(200) NOT NULL,
  `resourceIds` varchar(256) DEFAULT NULL,
  `appSecret` varchar(256) DEFAULT NULL,
  `scope` varchar(256) DEFAULT NULL,
  `grantTypes` varchar(256) DEFAULT NULL,
  `redirectUrl` varchar(256) DEFAULT NULL,
  `authorities` varchar(256) DEFAULT NULL,
  `access_token_validity` int(11) DEFAULT NULL,
  `refresh_token_validity` int(11) DEFAULT NULL,
  `additionalInformation` varchar(4096) DEFAULT NULL,
  `autoApproveScopes` varchar(256) DEFAULT NULL,
  PRIMARY KEY (`appId`)
) ENGINE=InnoDB DEFAULT CHARSET=utf8;

-- ----------------------------
-- Records of ClientDetails
-- ----------------------------

-- ----------------------------
-- Table structure for oauth_access_token
-- ----------------------------
DROP TABLE IF EXISTS `oauth_access_token`;
CREATE TABLE `oauth_access_token` (
  `token_id` varchar(200) DEFAULT NULL,
  `token` blob,
  `authentication_id` varchar(200) NOT NULL,
  `user_name` varchar(256) DEFAULT NULL,
  `client_id` varchar(256) DEFAULT NULL,
  `authentication` blob,
  `refresh_token` varchar(256) DEFAULT NULL,
  PRIMARY KEY (`authentication_id`)
) ENGINE=InnoDB DEFAULT CHARSET=utf8;

-- ----------------------------
-- Records of oauth_access_token
-- ----------------------------
INSERT INTO `oauth_access_token` VALUES ('8d4576f438a9689012456fb2a9e3f0e8', 0xACED0005737200436F72672E737072696E676672616D65776F726B2E73656375726974792E6F61757468322E636F6D6D6F6E2E44656661756C744F4175746832416363657373546F6B656E0CB29E361B24FACE0200064C00156164646974696F6E616C496E666F726D6174696F6E74000F4C6A6176612F7574696C2F4D61703B4C000A65787069726174696F6E7400104C6A6176612F7574696C2F446174653B4C000C72656672657368546F6B656E74003F4C6F72672F737072696E676672616D65776F726B2F73656375726974792F6F61757468322F636F6D6D6F6E2F4F417574683252656672657368546F6B656E3B4C000573636F706574000F4C6A6176612F7574696C2F5365743B4C0009746F6B656E547970657400124C6A6176612F6C616E672F537472696E673B4C000576616C756571007E000578707372001E6A6176612E7574696C2E436F6C6C656374696F6E7324456D7074794D6170593614855ADCE7D002000078707372000E6A6176612E7574696C2E44617465686A81014B597419030000787077080000015DD5C63C19787372004C6F72672E737072696E676672616D65776F726B2E73656375726974792E6F61757468322E636F6D6D6F6E2E44656661756C744578706972696E674F417574683252656672657368546F6B656E2FDF47639DD0C9B70200014C000A65787069726174696F6E71007E0002787200446F72672E737072696E676672616D65776F726B2E73656375726974792E6F61757468322E636F6D6D6F6E2E44656661756C744F417574683252656672657368546F6B656E73E10E0A6354D45E0200014C000576616C756571007E0005787074002462363033386235342D333064662D346137322D386261612D3535633636373261383565347371007E000977080000015DD5C63C1878737200256A6176612E7574696C2E436F6C6C656374696F6E7324556E6D6F6469666961626C65536574801D92D18F9B80550200007872002C6A6176612E7574696C2E436F6C6C656374696F6E7324556E6D6F6469666961626C65436F6C6C656374696F6E19420080CB5EF71E0200014C0001637400164C6A6176612F7574696C2F436F6C6C656374696F6E3B7870737200176A6176612E7574696C2E4C696E6B656448617368536574D86CD75A95DD2A1E020000787200116A6176612E7574696C2E48617368536574BA44859596B8B7340300007870770C000000023F400000000000017400066F70656E69647874000662656172657274002464646636613437612D613133372D346532302D623334312D373364643737303631386262, '6df7ec534221b5454551c9d5315752b2', 'admin', 'acme', 0xACED0005737200416F72672E737072696E676672616D65776F726B2E73656375726974792E6F61757468322E70726F76696465722E4F417574683241757468656E7469636174696F6EBD400B02166252130200024C000D73746F7265645265717565737474003C4C6F72672F737072696E676672616D65776F726B2F73656375726974792F6F61757468322F70726F76696465722F4F4175746832526571756573743B4C00127573657241757468656E7469636174696F6E7400324C6F72672F737072696E676672616D65776F726B2F73656375726974792F636F72652F41757468656E7469636174696F6E3B787200476F72672E737072696E676672616D65776F726B2E73656375726974792E61757468656E7469636174696F6E2E416273747261637441757468656E7469636174696F6E546F6B656ED3AA287E6E47640E0200035A000D61757468656E746963617465644C000B617574686F7269746965737400164C6A6176612F7574696C2F436F6C6C656374696F6E3B4C000764657461696C737400124C6A6176612F6C616E672F4F626A6563743B787000737200266A6176612E7574696C2E436F6C6C656374696F6E7324556E6D6F6469666961626C654C697374FC0F2531B5EC8E100200014C00046C6973747400104C6A6176612F7574696C2F4C6973743B7872002C6A6176612E7574696C2E436F6C6C656374696F6E7324556E6D6F6469666961626C65436F6C6C656374696F6E19420080CB5EF71E0200014C00016371007E00047870737200136A6176612E7574696C2E41727261794C6973747881D21D99C7619D03000149000473697A65787000000002770400000002737200426F72672E737072696E676672616D65776F726B2E73656375726974792E636F72652E617574686F726974792E53696D706C654772616E746564417574686F72697479000000000000019A0200014C0004726F6C657400124C6A6176612F6C616E672F537472696E673B7870740001317371007E000D740001327871007E000C707372003A6F72672E737072696E676672616D65776F726B2E73656375726974792E6F61757468322E70726F76696465722E4F41757468325265717565737400000000000000010200075A0008617070726F7665644C000B617574686F72697469657371007E00044C000A657874656E73696F6E7374000F4C6A6176612F7574696C2F4D61703B4C000B726564697265637455726971007E000E4C00077265667265736874003B4C6F72672F737072696E676672616D65776F726B2F73656375726974792F6F61757468322F70726F76696465722F546F6B656E526571756573743B4C000B7265736F7572636549647374000F4C6A6176612F7574696C2F5365743B4C000D726573706F6E7365547970657371007E0016787200386F72672E737072696E676672616D65776F726B2E73656375726974792E6F61757468322E70726F76696465722E426173655265717565737436287A3EA37169BD0200034C0008636C69656E74496471007E000E4C001172657175657374506172616D657465727371007E00144C000573636F706571007E0016787074000461636D65737200256A6176612E7574696C2E436F6C6C656374696F6E7324556E6D6F6469666961626C654D6170F1A5A8FE74F507420200014C00016D71007E00147870737200116A6176612E7574696C2E486173684D61700507DAC1C31660D103000246000A6C6F6164466163746F724900097468726573686F6C6478703F4000000000000C77080000001000000006740004636F6465740006424A7041505674000A6772616E745F74797065740012617574686F72697A6174696F6E5F636F646574000D726573706F6E73655F74797065740004636F646574000C72656469726563745F757269740027687474703A2F2F6C6F63616C686F73743A31303030312F61757468636C69656E742F6C6F67696E7400057374617465740006594C327A5765740009636C69656E745F696471007E001978737200256A6176612E7574696C2E436F6C6C656374696F6E7324556E6D6F6469666961626C65536574801D92D18F9B80550200007871007E0009737200176A6176612E7574696C2E4C696E6B656448617368536574D86CD75A95DD2A1E020000787200116A6176612E7574696C2E48617368536574BA44859596B8B7340300007870770C000000103F400000000000017400066F70656E696478017371007E002C770C000000103F40000000000000787371007E001C3F400000000000007708000000100000000078740027687474703A2F2F6C6F63616C686F73743A31303030312F61757468636C69656E742F6C6F67696E707371007E002C770C000000103F40000000000000787371007E002C770C000000103F4000000000000171007E0023787372004F6F72672E737072696E676672616D65776F726B2E73656375726974792E61757468656E7469636174696F6E2E557365726E616D6550617373776F726441757468656E7469636174696F6E546F6B656E000000000000019A0200024C000B63726564656E7469616C7371007E00054C00097072696E636970616C71007E00057871007E0003017371007E00077371007E000B0000000277040000000271007E000F71007E00117871007E0037737200486F72672E737072696E676672616D65776F726B2E73656375726974792E7765622E61757468656E7469636174696F6E2E57656241757468656E7469636174696F6E44657461696C73000000000000019A0200024C000D72656D6F74654164647265737371007E000E4C000973657373696F6E496471007E000E787074000F303A303A303A303A303A303A303A3174002039414138413236344245324541334642313034394644383834443836323945377073720044636F6D2E6F7272696E2E737072696E672E636C6F75642E73656375726974792E6F617468322E617574682E636F6E6669672E43757272656E7453657373696F6E557365721052289E29BC61E002000B4C00116163636F756E744E6F6E457870697265647400104C6A6176612F6C616E672F4C6F6E673B4C00106163636F756E744E6F6E4C6F636B656471007E003D4C001563726564656E7469616C734E6F6E4578706972656471007E003D4C0005646570496471007E000E4C00076465704E616D6571007E000E4C0007656E61626C656471007E003D4C00046E616D6571007E000E4C000870617373776F726471007E000E4C0005726F6C657371007E00084C000675736572496471007E000E4C0008757365726E616D6571007E000E78707372000E6A6176612E6C616E672E4C6F6E673B8BE490CC8F23DF0200014A000576616C7565787200106A6176612E6C616E672E4E756D62657286AC951D0B94E08B0200007870000000000000000171007E004171007E0041707071007E0041740009E7AEA1E79086E591987400063132333435367371007E000B000000027704000000027372003F636F6D2E6F7272696E2E737072696E672E636C6F75642E73656375726974792E6F617468322E617574682E646F6D61696E2E5379735573657273526F6C657300000000000000010200034C0002696471007E000E4C0006726F6C65496471007E000E4C000675736572496471007E000E78707400013171007E00107400067530303030317371007E00457400013271007E00127400067530303030317874000675303030303174000561646D696E, '76b775dbdfbb0296f56a81d3cb5e153c');

-- ----------------------------
-- Table structure for oauth_approvals
-- ----------------------------
DROP TABLE IF EXISTS `oauth_approvals`;
CREATE TABLE `oauth_approvals` (
  `userId` varchar(256) DEFAULT NULL,
  `clientId` varchar(256) DEFAULT NULL,
  `scope` varchar(256) DEFAULT NULL,
  `status` varchar(10) DEFAULT NULL,
  `expiresAt` timestamp NOT NULL DEFAULT CURRENT_TIMESTAMP ON UPDATE CURRENT_TIMESTAMP,
  `lastModifiedAt` timestamp NOT NULL DEFAULT '0000-00-00 00:00:00'
) ENGINE=InnoDB DEFAULT CHARSET=utf8;

-- ----------------------------
-- Records of oauth_approvals
-- ----------------------------

-- ----------------------------
-- Table structure for oauth_client_details
-- ----------------------------
DROP TABLE IF EXISTS `oauth_client_details`;
CREATE TABLE `oauth_client_details` (
  `client_id` varchar(100) NOT NULL,
  `resource_ids` varchar(256) DEFAULT NULL,
  `client_secret` varchar(256) DEFAULT NULL,
  `scope` varchar(256) DEFAULT NULL,
  `authorized_grant_types` varchar(256) DEFAULT NULL,
  `web_server_redirect_uri` varchar(256) DEFAULT NULL,
  `authorities` varchar(256) DEFAULT NULL,
  `access_token_validity` int(11) DEFAULT NULL,
  `refresh_token_validity` int(11) DEFAULT NULL,
  `additional_information` varchar(1000) DEFAULT NULL,
  `autoapprove` varchar(256) DEFAULT NULL,
  PRIMARY KEY (`client_id`)
) ENGINE=InnoDB DEFAULT CHARSET=utf8;

-- ----------------------------
-- Records of oauth_client_details
-- ----------------------------
INSERT INTO `oauth_client_details` VALUES ('acme', null, 'acmesecret', 'openid', 'authorization_code,refresh_token', null, null, null, null, null, null);

-- ----------------------------
-- Table structure for oauth_client_token
-- ----------------------------
DROP TABLE IF EXISTS `oauth_client_token`;
CREATE TABLE `oauth_client_token` (
  `token_id` varchar(200) DEFAULT NULL,
  `token` blob,
  `authentication_id` varchar(200) NOT NULL,
  `user_name` varchar(256) DEFAULT NULL,
  `client_id` varchar(256) DEFAULT NULL,
  PRIMARY KEY (`authentication_id`)
) ENGINE=InnoDB DEFAULT CHARSET=utf8;

-- ----------------------------
-- Records of oauth_client_token
-- ----------------------------

-- ----------------------------
-- Table structure for oauth_code
-- ----------------------------
DROP TABLE IF EXISTS `oauth_code`;
CREATE TABLE `oauth_code` (
  `code` varchar(200) DEFAULT NULL,
  `authentication` blob
) ENGINE=InnoDB DEFAULT CHARSET=utf8;

-- ----------------------------
-- Records of oauth_code
-- ----------------------------

-- ----------------------------
-- Table structure for oauth_refresh_token
-- ----------------------------
DROP TABLE IF EXISTS `oauth_refresh_token`;
CREATE TABLE `oauth_refresh_token` (
  `token_id` varchar(200) DEFAULT NULL,
  `token` blob,
  `authentication` blob
) ENGINE=InnoDB DEFAULT CHARSET=utf8;

-- ----------------------------
-- Records of oauth_refresh_token
-- ----------------------------
INSERT INTO `oauth_refresh_token` VALUES ('68dcc8c53489738dfa881ca183305661', 0xACED00057372004C6F72672E737072696E676672616D65776F726B2E73656375726974792E6F61757468322E636F6D6D6F6E2E44656661756C744578706972696E674F417574683252656672657368546F6B656E2FDF47639DD0C9B70200014C000A65787069726174696F6E7400104C6A6176612F7574696C2F446174653B787200446F72672E737072696E676672616D65776F726B2E73656375726974792E6F61757468322E636F6D6D6F6E2E44656661756C744F417574683252656672657368546F6B656E73E10E0A6354D45E0200014C000576616C75657400124C6A6176612F6C616E672F537472696E673B787074002461623563343637312D323563322D343730382D613038652D3637326562313533613666327372000E6A6176612E7574696C2E44617465686A81014B597419030000787077080000015DCABC1C9F78, 0xACED0005737200416F72672E737072696E676672616D65776F726B2E73656375726974792E6F61757468322E70726F76696465722E4F417574683241757468656E7469636174696F6EBD400B02166252130200024C000D73746F7265645265717565737474003C4C6F72672F737072696E676672616D65776F726B2F73656375726974792F6F61757468322F70726F76696465722F4F4175746832526571756573743B4C00127573657241757468656E7469636174696F6E7400324C6F72672F737072696E676672616D65776F726B2F73656375726974792F636F72652F41757468656E7469636174696F6E3B787200476F72672E737072696E676672616D65776F726B2E73656375726974792E61757468656E7469636174696F6E2E416273747261637441757468656E7469636174696F6E546F6B656ED3AA287E6E47640E0200035A000D61757468656E746963617465644C000B617574686F7269746965737400164C6A6176612F7574696C2F436F6C6C656374696F6E3B4C000764657461696C737400124C6A6176612F6C616E672F4F626A6563743B787000737200266A6176612E7574696C2E436F6C6C656374696F6E7324556E6D6F6469666961626C654C697374FC0F2531B5EC8E100200014C00046C6973747400104C6A6176612F7574696C2F4C6973743B7872002C6A6176612E7574696C2E436F6C6C656374696F6E7324556E6D6F6469666961626C65436F6C6C656374696F6E19420080CB5EF71E0200014C00016371007E00047870737200136A6176612E7574696C2E41727261794C6973747881D21D99C7619D03000149000473697A65787000000002770400000002737200426F72672E737072696E676672616D65776F726B2E73656375726974792E636F72652E617574686F726974792E53696D706C654772616E746564417574686F72697479000000000000019A0200014C0004726F6C657400124C6A6176612F6C616E672F537472696E673B787074000A524F4C455F41444D494E7371007E000D740009524F4C455F555345527871007E000C707372003A6F72672E737072696E676672616D65776F726B2E73656375726974792E6F61757468322E70726F76696465722E4F41757468325265717565737400000000000000010200075A0008617070726F7665644C000B617574686F72697469657371007E00044C000A657874656E73696F6E7374000F4C6A6176612F7574696C2F4D61703B4C000B726564697265637455726971007E000E4C00077265667265736874003B4C6F72672F737072696E676672616D65776F726B2F73656375726974792F6F61757468322F70726F76696465722F546F6B656E526571756573743B4C000B7265736F7572636549647374000F4C6A6176612F7574696C2F5365743B4C000D726573706F6E7365547970657371007E0016787200386F72672E737072696E676672616D65776F726B2E73656375726974792E6F61757468322E70726F76696465722E426173655265717565737436287A3EA37169BD0200034C0008636C69656E74496471007E000E4C001172657175657374506172616D657465727371007E00144C000573636F706571007E00167870740006636C69656E74737200256A6176612E7574696C2E436F6C6C656374696F6E7324556E6D6F6469666961626C654D6170F1A5A8FE74F507420200014C00016D71007E00147870737200116A6176612E7574696C2E486173684D61700507DAC1C31660D103000246000A6C6F6164466163746F724900097468726573686F6C6478703F400000000000067708000000080000000574000D726573706F6E73655F74797065740004636F646574000C72656469726563745F757269740014687474703A2F2F7777772E62616964752E636F6D740004636F64657400064F3574556D6474000A6772616E745F74797065740012617574686F72697A6174696F6E5F636F6465740009636C69656E745F696471007E001978737200256A6176612E7574696C2E436F6C6C656374696F6E7324556E6D6F6469666961626C65536574801D92D18F9B80550200007871007E0009737200176A6176612E7574696C2E4C696E6B656448617368536574D86CD75A95DD2A1E020000787200116A6176612E7574696C2E48617368536574BA44859596B8B7340300007870770C000000103F400000000000017400066F70656E696478017371007E002A770C000000103F40000000000000787371007E001C3F400000000000007708000000100000000078740014687474703A2F2F7777772E62616964752E636F6D707371007E002A770C000000103F40000000000000787371007E002A770C000000103F4000000000000171007E001F787372004F6F72672E737072696E676672616D65776F726B2E73656375726974792E61757468656E7469636174696F6E2E557365726E616D6550617373776F726441757468656E7469636174696F6E546F6B656E000000000000019A0200024C000B63726564656E7469616C7371007E00054C00097072696E636970616C71007E00057871007E0003017371007E00077371007E000B0000000277040000000271007E000F71007E00117871007E0035737200486F72672E737072696E676672616D65776F726B2E73656375726974792E7765622E61757468656E7469636174696F6E2E57656241757468656E7469636174696F6E44657461696C73000000000000019A0200024C000D72656D6F74654164647265737371007E000E4C000973657373696F6E496471007E000E787074000F303A303A303A303A303A303A303A31740020314631353735364334363434454136354538384234303941344345443532454670737200326F72672E737072696E676672616D65776F726B2E73656375726974792E636F72652E7573657264657461696C732E55736572000000000000019A0200075A00116163636F756E744E6F6E457870697265645A00106163636F756E744E6F6E4C6F636B65645A001563726564656E7469616C734E6F6E457870697265645A0007656E61626C65644C000B617574686F72697469657371007E00164C000870617373776F726471007E000E4C0008757365726E616D6571007E000E7870010101017371007E0027737200116A6176612E7574696C2E54726565536574DD98509395ED875B0300007870737200466F72672E737072696E676672616D65776F726B2E73656375726974792E636F72652E7573657264657461696C732E5573657224417574686F72697479436F6D70617261746F72000000000000019A020000787077040000000271007E000F71007E0011787074000475736572);
INSERT INTO `oauth_refresh_token` VALUES ('92ff26921faf92cd3b676596f64d1e60', 0xACED00057372004C6F72672E737072696E676672616D65776F726B2E73656375726974792E6F61757468322E636F6D6D6F6E2E44656661756C744578706972696E674F417574683252656672657368546F6B656E2FDF47639DD0C9B70200014C000A65787069726174696F6E7400104C6A6176612F7574696C2F446174653B787200446F72672E737072696E676672616D65776F726B2E73656375726974792E6F61757468322E636F6D6D6F6E2E44656661756C744F417574683252656672657368546F6B656E73E10E0A6354D45E0200014C000576616C75657400124C6A6176612F6C616E672F537472696E673B787074002439633830363566302D663235622D343931372D396263322D3439633330613037663862337372000E6A6176612E7574696C2E44617465686A81014B597419030000787077080000015DCAF8B4A078, 0xACED0005737200416F72672E737072696E676672616D65776F726B2E73656375726974792E6F61757468322E70726F76696465722E4F417574683241757468656E7469636174696F6EBD400B02166252130200024C000D73746F7265645265717565737474003C4C6F72672F737072696E676672616D65776F726B2F73656375726974792F6F61757468322F70726F76696465722F4F4175746832526571756573743B4C00127573657241757468656E7469636174696F6E7400324C6F72672F737072696E676672616D65776F726B2F73656375726974792F636F72652F41757468656E7469636174696F6E3B787200476F72672E737072696E676672616D65776F726B2E73656375726974792E61757468656E7469636174696F6E2E416273747261637441757468656E7469636174696F6E546F6B656ED3AA287E6E47640E0200035A000D61757468656E746963617465644C000B617574686F7269746965737400164C6A6176612F7574696C2F436F6C6C656374696F6E3B4C000764657461696C737400124C6A6176612F6C616E672F4F626A6563743B787000737200266A6176612E7574696C2E436F6C6C656374696F6E7324556E6D6F6469666961626C654C697374FC0F2531B5EC8E100200014C00046C6973747400104C6A6176612F7574696C2F4C6973743B7872002C6A6176612E7574696C2E436F6C6C656374696F6E7324556E6D6F6469666961626C65436F6C6C656374696F6E19420080CB5EF71E0200014C00016371007E00047870737200136A6176612E7574696C2E41727261794C6973747881D21D99C7619D03000149000473697A65787000000002770400000002737200426F72672E737072696E676672616D65776F726B2E73656375726974792E636F72652E617574686F726974792E53696D706C654772616E746564417574686F72697479000000000000019A0200014C0004726F6C657400124C6A6176612F6C616E672F537472696E673B787074000A524F4C455F41444D494E7371007E000D740009524F4C455F555345527871007E000C707372003A6F72672E737072696E676672616D65776F726B2E73656375726974792E6F61757468322E70726F76696465722E4F41757468325265717565737400000000000000010200075A0008617070726F7665644C000B617574686F72697469657371007E00044C000A657874656E73696F6E7374000F4C6A6176612F7574696C2F4D61703B4C000B726564697265637455726971007E000E4C00077265667265736874003B4C6F72672F737072696E676672616D65776F726B2F73656375726974792F6F61757468322F70726F76696465722F546F6B656E526571756573743B4C000B7265736F7572636549647374000F4C6A6176612F7574696C2F5365743B4C000D726573706F6E7365547970657371007E0016787200386F72672E737072696E676672616D65776F726B2E73656375726974792E6F61757468322E70726F76696465722E426173655265717565737436287A3EA37169BD0200034C0008636C69656E74496471007E000E4C001172657175657374506172616D657465727371007E00144C000573636F706571007E0016787074000461636D65737200256A6176612E7574696C2E436F6C6C656374696F6E7324556E6D6F6469666961626C654D6170F1A5A8FE74F507420200014C00016D71007E00147870737200116A6176612E7574696C2E486173684D61700507DAC1C31660D103000246000A6C6F6164466163746F724900097468726573686F6C6478703F4000000000000C77080000001000000006740004636F646574000653353057714A74000A6772616E745F74797065740012617574686F72697A6174696F6E5F636F646574000D726573706F6E73655F74797065740004636F646574000C72656469726563745F757269740027687474703A2F2F6C6F63616C686F73743A31303030312F61757468636C69656E742F6C6F67696E7400057374617465740006493676426235740009636C69656E745F696471007E001978737200256A6176612E7574696C2E436F6C6C656374696F6E7324556E6D6F6469666961626C65536574801D92D18F9B80550200007871007E0009737200176A6176612E7574696C2E4C696E6B656448617368536574D86CD75A95DD2A1E020000787200116A6176612E7574696C2E48617368536574BA44859596B8B7340300007870770C000000103F400000000000017400066F70656E696478017371007E002C770C000000103F40000000000000787371007E001C3F400000000000007708000000100000000078740027687474703A2F2F6C6F63616C686F73743A31303030312F61757468636C69656E742F6C6F67696E707371007E002C770C000000103F40000000000000787371007E002C770C000000103F4000000000000171007E0023787372004F6F72672E737072696E676672616D65776F726B2E73656375726974792E61757468656E7469636174696F6E2E557365726E616D6550617373776F726441757468656E7469636174696F6E546F6B656E000000000000019A0200024C000B63726564656E7469616C7371007E00054C00097072696E636970616C71007E00057871007E0003017371007E00077371007E000B0000000277040000000271007E000F71007E00117871007E0037737200486F72672E737072696E676672616D65776F726B2E73656375726974792E7765622E61757468656E7469636174696F6E2E57656241757468656E7469636174696F6E44657461696C73000000000000019A0200024C000D72656D6F74654164647265737371007E000E4C000973657373696F6E496471007E000E787074000F303A303A303A303A303A303A303A31740020323337333045383337333834323534373938313936304233334633304334453870737200326F72672E737072696E676672616D65776F726B2E73656375726974792E636F72652E7573657264657461696C732E55736572000000000000019A0200075A00116163636F756E744E6F6E457870697265645A00106163636F756E744E6F6E4C6F636B65645A001563726564656E7469616C734E6F6E457870697265645A0007656E61626C65644C000B617574686F72697469657371007E00164C000870617373776F726471007E000E4C0008757365726E616D6571007E000E7870010101017371007E0029737200116A6176612E7574696C2E54726565536574DD98509395ED875B0300007870737200466F72672E737072696E676672616D65776F726B2E73656375726974792E636F72652E7573657264657461696C732E5573657224417574686F72697479436F6D70617261746F72000000000000019A020000787077040000000271007E000F71007E0011787074000475736572);
INSERT INTO `oauth_refresh_token` VALUES ('785b177accdd27cf1afc19435777602e', 0xACED00057372004C6F72672E737072696E676672616D65776F726B2E73656375726974792E6F61757468322E636F6D6D6F6E2E44656661756C744578706972696E674F417574683252656672657368546F6B656E2FDF47639DD0C9B70200014C000A65787069726174696F6E7400104C6A6176612F7574696C2F446174653B787200446F72672E737072696E676672616D65776F726B2E73656375726974792E6F61757468322E636F6D6D6F6E2E44656661756C744F417574683252656672657368546F6B656E73E10E0A6354D45E0200014C000576616C75657400124C6A6176612F6C616E672F537472696E673B787074002437363066323038382D383736662D343436622D626335332D3432343838313238666366307372000E6A6176612E7574696C2E44617465686A81014B597419030000787077080000015DCB3E61F678, 0xACED0005737200416F72672E737072696E676672616D65776F726B2E73656375726974792E6F61757468322E70726F76696465722E4F417574683241757468656E7469636174696F6EBD400B02166252130200024C000D73746F7265645265717565737474003C4C6F72672F737072696E676672616D65776F726B2F73656375726974792F6F61757468322F70726F76696465722F4F4175746832526571756573743B4C00127573657241757468656E7469636174696F6E7400324C6F72672F737072696E676672616D65776F726B2F73656375726974792F636F72652F41757468656E7469636174696F6E3B787200476F72672E737072696E676672616D65776F726B2E73656375726974792E61757468656E7469636174696F6E2E416273747261637441757468656E7469636174696F6E546F6B656ED3AA287E6E47640E0200035A000D61757468656E746963617465644C000B617574686F7269746965737400164C6A6176612F7574696C2F436F6C6C656374696F6E3B4C000764657461696C737400124C6A6176612F6C616E672F4F626A6563743B787000737200266A6176612E7574696C2E436F6C6C656374696F6E7324556E6D6F6469666961626C654C697374FC0F2531B5EC8E100200014C00046C6973747400104C6A6176612F7574696C2F4C6973743B7872002C6A6176612E7574696C2E436F6C6C656374696F6E7324556E6D6F6469666961626C65436F6C6C656374696F6E19420080CB5EF71E0200014C00016371007E00047870737200136A6176612E7574696C2E41727261794C6973747881D21D99C7619D03000149000473697A65787000000001770400000001737200426F72672E737072696E676672616D65776F726B2E73656375726974792E636F72652E617574686F726974792E53696D706C654772616E746564417574686F72697479000000000000019A0200014C0004726F6C657400124C6A6176612F6C616E672F537472696E673B7870740009524F4C455F555345527871007E000C707372003A6F72672E737072696E676672616D65776F726B2E73656375726974792E6F61757468322E70726F76696465722E4F41757468325265717565737400000000000000010200075A0008617070726F7665644C000B617574686F72697469657371007E00044C000A657874656E73696F6E7374000F4C6A6176612F7574696C2F4D61703B4C000B726564697265637455726971007E000E4C00077265667265736874003B4C6F72672F737072696E676672616D65776F726B2F73656375726974792F6F61757468322F70726F76696465722F546F6B656E526571756573743B4C000B7265736F7572636549647374000F4C6A6176612F7574696C2F5365743B4C000D726573706F6E7365547970657371007E0014787200386F72672E737072696E676672616D65776F726B2E73656375726974792E6F61757468322E70726F76696465722E426173655265717565737436287A3EA37169BD0200034C0008636C69656E74496471007E000E4C001172657175657374506172616D657465727371007E00124C000573636F706571007E0014787074000461636D65737200256A6176612E7574696C2E436F6C6C656374696F6E7324556E6D6F6469666961626C654D6170F1A5A8FE74F507420200014C00016D71007E00127870737200116A6176612E7574696C2E486173684D61700507DAC1C31660D103000246000A6C6F6164466163746F724900097468726573686F6C6478703F4000000000000C77080000001000000006740004636F6465740006794B65674D4874000A6772616E745F74797065740012617574686F72697A6174696F6E5F636F646574000D726573706F6E73655F74797065740004636F646574000C72656469726563745F757269740027687474703A2F2F6C6F63616C686F73743A31303030312F61757468636C69656E742F6C6F67696E740005737461746574000635757935714F740009636C69656E745F696471007E001778737200256A6176612E7574696C2E436F6C6C656374696F6E7324556E6D6F6469666961626C65536574801D92D18F9B80550200007871007E0009737200176A6176612E7574696C2E4C696E6B656448617368536574D86CD75A95DD2A1E020000787200116A6176612E7574696C2E48617368536574BA44859596B8B7340300007870770C000000103F400000000000017400066F70656E696478017371007E002A770C000000103F40000000000000787371007E001A3F400000000000007708000000100000000078740027687474703A2F2F6C6F63616C686F73743A31303030312F61757468636C69656E742F6C6F67696E707371007E002A770C000000103F40000000000000787371007E002A770C000000103F4000000000000171007E0021787372004F6F72672E737072696E676672616D65776F726B2E73656375726974792E61757468656E7469636174696F6E2E557365726E616D6550617373776F726441757468656E7469636174696F6E546F6B656E000000000000019A0200024C000B63726564656E7469616C7371007E00054C00097072696E636970616C71007E00057871007E0003017371007E00077371007E000B0000000177040000000171007E000F7871007E0035737200486F72672E737072696E676672616D65776F726B2E73656375726974792E7765622E61757468656E7469636174696F6E2E57656241757468656E7469636174696F6E44657461696C73000000000000019A0200024C000D72656D6F74654164647265737371007E000E4C000973657373696F6E496471007E000E78707400093132372E302E302E3174002031374243364239464531464136333130453143344243394342364139363538437073720044636F6D2E6F7272696E2E737072696E672E636C6F75642E73656375726974792E6F617468322E617574682E636F6E6669672E43757272656E7453657373696F6E557365721052289E29BC61E002000B4C00116163636F756E744E6F6E457870697265647400104C6A6176612F6C616E672F4C6F6E673B4C00106163636F756E744E6F6E4C6F636B656471007E003B4C001563726564656E7469616C734E6F6E4578706972656471007E003B4C0005646570496471007E000E4C00076465704E616D6571007E000E4C0007656E61626C656471007E003B4C00046E616D6571007E000E4C000870617373776F726471007E000E4C0005726F6C657371007E00084C000675736572496471007E000E4C0008757365726E616D6571007E000E78707372000E6A6176612E6C616E672E4C6F6E673B8BE490CC8F23DF0200014A000576616C7565787200106A6176612E6C616E672E4E756D62657286AC951D0B94E08B0200007870000000000000000171007E003F71007E003F707071007E003F740009E7AEA1E79086E591987400063132333435367371007E000B000000017704000000017372003F636F6D2E6F7272696E2E737072696E672E636C6F75642E73656375726974792E6F617468322E617574682E646F6D61696E2E5379735573657273526F6C657300000000000000010200034C0002696471007E000E4C0006726F6C65496471007E000E4C000675736572496471007E000E78707400013171007E00107400067530303030317874000675303030303174000561646D696E);
INSERT INTO `oauth_refresh_token` VALUES ('d66e7537ad0e876f893a421560c05f14', 0xACED00057372004C6F72672E737072696E676672616D65776F726B2E73656375726974792E6F61757468322E636F6D6D6F6E2E44656661756C744578706972696E674F417574683252656672657368546F6B656E2FDF47639DD0C9B70200014C000A65787069726174696F6E7400104C6A6176612F7574696C2F446174653B787200446F72672E737072696E676672616D65776F726B2E73656375726974792E6F61757468322E636F6D6D6F6E2E44656661756C744F417574683252656672657368546F6B656E73E10E0A6354D45E0200014C000576616C75657400124C6A6176612F6C616E672F537472696E673B787074002431656235306530652D393231332D343761332D386534612D3539323137636164356266627372000E6A6176612E7574696C2E44617465686A81014B597419030000787077080000015DCB762C0B78, 0xACED0005737200416F72672E737072696E676672616D65776F726B2E73656375726974792E6F61757468322E70726F76696465722E4F417574683241757468656E7469636174696F6EBD400B02166252130200024C000D73746F7265645265717565737474003C4C6F72672F737072696E676672616D65776F726B2F73656375726974792F6F61757468322F70726F76696465722F4F4175746832526571756573743B4C00127573657241757468656E7469636174696F6E7400324C6F72672F737072696E676672616D65776F726B2F73656375726974792F636F72652F41757468656E7469636174696F6E3B787200476F72672E737072696E676672616D65776F726B2E73656375726974792E61757468656E7469636174696F6E2E416273747261637441757468656E7469636174696F6E546F6B656ED3AA287E6E47640E0200035A000D61757468656E746963617465644C000B617574686F7269746965737400164C6A6176612F7574696C2F436F6C6C656374696F6E3B4C000764657461696C737400124C6A6176612F6C616E672F4F626A6563743B787000737200266A6176612E7574696C2E436F6C6C656374696F6E7324556E6D6F6469666961626C654C697374FC0F2531B5EC8E100200014C00046C6973747400104C6A6176612F7574696C2F4C6973743B7872002C6A6176612E7574696C2E436F6C6C656374696F6E7324556E6D6F6469666961626C65436F6C6C656374696F6E19420080CB5EF71E0200014C00016371007E00047870737200136A6176612E7574696C2E41727261794C6973747881D21D99C7619D03000149000473697A65787000000001770400000001737200426F72672E737072696E676672616D65776F726B2E73656375726974792E636F72652E617574686F726974792E53696D706C654772616E746564417574686F72697479000000000000019A0200014C0004726F6C657400124C6A6176612F6C616E672F537472696E673B7870740009524F4C455F555345527871007E000C707372003A6F72672E737072696E676672616D65776F726B2E73656375726974792E6F61757468322E70726F76696465722E4F41757468325265717565737400000000000000010200075A0008617070726F7665644C000B617574686F72697469657371007E00044C000A657874656E73696F6E7374000F4C6A6176612F7574696C2F4D61703B4C000B726564697265637455726971007E000E4C00077265667265736874003B4C6F72672F737072696E676672616D65776F726B2F73656375726974792F6F61757468322F70726F76696465722F546F6B656E526571756573743B4C000B7265736F7572636549647374000F4C6A6176612F7574696C2F5365743B4C000D726573706F6E7365547970657371007E0014787200386F72672E737072696E676672616D65776F726B2E73656375726974792E6F61757468322E70726F76696465722E426173655265717565737436287A3EA37169BD0200034C0008636C69656E74496471007E000E4C001172657175657374506172616D657465727371007E00124C000573636F706571007E0014787074000461636D65737200256A6176612E7574696C2E436F6C6C656374696F6E7324556E6D6F6469666961626C654D6170F1A5A8FE74F507420200014C00016D71007E00127870737200116A6176612E7574696C2E486173684D61700507DAC1C31660D103000246000A6C6F6164466163746F724900097468726573686F6C6478703F400000000000067708000000080000000574000D726573706F6E73655F74797065740004636F646574000C72656469726563745F757269740014687474703A2F2F7777772E62616964752E636F6D740004636F64657400066E774433725274000A6772616E745F74797065740012617574686F72697A6174696F6E5F636F6465740009636C69656E745F696471007E001778737200256A6176612E7574696C2E436F6C6C656374696F6E7324556E6D6F6469666961626C65536574801D92D18F9B80550200007871007E0009737200176A6176612E7574696C2E4C696E6B656448617368536574D86CD75A95DD2A1E020000787200116A6176612E7574696C2E48617368536574BA44859596B8B7340300007870770C000000103F400000000000017400066F70656E696478017371007E0028770C000000103F40000000000000787371007E001A3F400000000000007708000000100000000078740014687474703A2F2F7777772E62616964752E636F6D707371007E0028770C000000103F40000000000000787371007E0028770C000000103F4000000000000171007E001D787372004F6F72672E737072696E676672616D65776F726B2E73656375726974792E61757468656E7469636174696F6E2E557365726E616D6550617373776F726441757468656E7469636174696F6E546F6B656E000000000000019A0200024C000B63726564656E7469616C7371007E00054C00097072696E636970616C71007E00057871007E0003017371007E00077371007E000B0000000177040000000171007E000F7871007E0033737200486F72672E737072696E676672616D65776F726B2E73656375726974792E7765622E61757468656E7469636174696F6E2E57656241757468656E7469636174696F6E44657461696C73000000000000019A0200024C000D72656D6F74654164647265737371007E000E4C000973657373696F6E496471007E000E787074000F303A303A303A303A303A303A303A3174002046464331304646433035463930443743343444393746333235304535463230437073720044636F6D2E6F7272696E2E737072696E672E636C6F75642E73656375726974792E6F617468322E617574682E636F6E6669672E43757272656E7453657373696F6E557365721052289E29BC61E002000B4C00116163636F756E744E6F6E457870697265647400104C6A6176612F6C616E672F4C6F6E673B4C00106163636F756E744E6F6E4C6F636B656471007E00394C001563726564656E7469616C734E6F6E4578706972656471007E00394C0005646570496471007E000E4C00076465704E616D6571007E000E4C0007656E61626C656471007E00394C00046E616D6571007E000E4C000870617373776F726471007E000E4C0005726F6C657371007E00084C000675736572496471007E000E4C0008757365726E616D6571007E000E78707372000E6A6176612E6C616E672E4C6F6E673B8BE490CC8F23DF0200014A000576616C7565787200106A6176612E6C616E672E4E756D62657286AC951D0B94E08B0200007870000000000000000171007E003D71007E003D707071007E003D740009E7AEA1E79086E591987400063132333435367371007E000B000000017704000000017372003F636F6D2E6F7272696E2E737072696E672E636C6F75642E73656375726974792E6F617468322E617574682E646F6D61696E2E5379735573657273526F6C657300000000000000010200034C0002696471007E000E4C0006726F6C65496471007E000E4C000675736572496471007E000E78707400013171007E00107400067530303030317874000675303030303174000561646D696E);
INSERT INTO `oauth_refresh_token` VALUES ('03e80b4cffc929745ab26d61c3e93cd3', 0xACED00057372004C6F72672E737072696E676672616D65776F726B2E73656375726974792E6F61757468322E636F6D6D6F6E2E44656661756C744578706972696E674F417574683252656672657368546F6B656E2FDF47639DD0C9B70200014C000A65787069726174696F6E7400104C6A6176612F7574696C2F446174653B787200446F72672E737072696E676672616D65776F726B2E73656375726974792E6F61757468322E636F6D6D6F6E2E44656661756C744F417574683252656672657368546F6B656E73E10E0A6354D45E0200014C000576616C75657400124C6A6176612F6C616E672F537472696E673B787074002465373663303032612D373335652D346465362D623166322D3136343336303932336163647372000E6A6176612E7574696C2E44617465686A81014B597419030000787077080000015DCB84D87E78, 0xACED0005737200416F72672E737072696E676672616D65776F726B2E73656375726974792E6F61757468322E70726F76696465722E4F417574683241757468656E7469636174696F6EBD400B02166252130200024C000D73746F7265645265717565737474003C4C6F72672F737072696E676672616D65776F726B2F73656375726974792F6F61757468322F70726F76696465722F4F4175746832526571756573743B4C00127573657241757468656E7469636174696F6E7400324C6F72672F737072696E676672616D65776F726B2F73656375726974792F636F72652F41757468656E7469636174696F6E3B787200476F72672E737072696E676672616D65776F726B2E73656375726974792E61757468656E7469636174696F6E2E416273747261637441757468656E7469636174696F6E546F6B656ED3AA287E6E47640E0200035A000D61757468656E746963617465644C000B617574686F7269746965737400164C6A6176612F7574696C2F436F6C6C656374696F6E3B4C000764657461696C737400124C6A6176612F6C616E672F4F626A6563743B787000737200266A6176612E7574696C2E436F6C6C656374696F6E7324556E6D6F6469666961626C654C697374FC0F2531B5EC8E100200014C00046C6973747400104C6A6176612F7574696C2F4C6973743B7872002C6A6176612E7574696C2E436F6C6C656374696F6E7324556E6D6F6469666961626C65436F6C6C656374696F6E19420080CB5EF71E0200014C00016371007E00047870737200136A6176612E7574696C2E41727261794C6973747881D21D99C7619D03000149000473697A65787000000001770400000001737200426F72672E737072696E676672616D65776F726B2E73656375726974792E636F72652E617574686F726974792E53696D706C654772616E746564417574686F72697479000000000000019A0200014C0004726F6C657400124C6A6176612F6C616E672F537472696E673B7870740009524F4C455F555345527871007E000C707372003A6F72672E737072696E676672616D65776F726B2E73656375726974792E6F61757468322E70726F76696465722E4F41757468325265717565737400000000000000010200075A0008617070726F7665644C000B617574686F72697469657371007E00044C000A657874656E73696F6E7374000F4C6A6176612F7574696C2F4D61703B4C000B726564697265637455726971007E000E4C00077265667265736874003B4C6F72672F737072696E676672616D65776F726B2F73656375726974792F6F61757468322F70726F76696465722F546F6B656E526571756573743B4C000B7265736F7572636549647374000F4C6A6176612F7574696C2F5365743B4C000D726573706F6E7365547970657371007E0014787200386F72672E737072696E676672616D65776F726B2E73656375726974792E6F61757468322E70726F76696465722E426173655265717565737436287A3EA37169BD0200034C0008636C69656E74496471007E000E4C001172657175657374506172616D657465727371007E00124C000573636F706571007E0014787074000461636D65737200256A6176612E7574696C2E436F6C6C656374696F6E7324556E6D6F6469666961626C654D6170F1A5A8FE74F507420200014C00016D71007E00127870737200116A6176612E7574696C2E486173684D61700507DAC1C31660D103000246000A6C6F6164466163746F724900097468726573686F6C6478703F4000000000000C77080000001000000006740004636F6465740006526665356F4474000A6772616E745F74797065740012617574686F72697A6174696F6E5F636F646574000D726573706F6E73655F74797065740004636F646574000C72656469726563745F757269740027687474703A2F2F6C6F63616C686F73743A31303030312F61757468636C69656E742F6C6F67696E7400057374617465740006396242385A42740009636C69656E745F696471007E001778737200256A6176612E7574696C2E436F6C6C656374696F6E7324556E6D6F6469666961626C65536574801D92D18F9B80550200007871007E0009737200176A6176612E7574696C2E4C696E6B656448617368536574D86CD75A95DD2A1E020000787200116A6176612E7574696C2E48617368536574BA44859596B8B7340300007870770C000000103F400000000000017400066F70656E696478017371007E002A770C000000103F40000000000000787371007E001A3F400000000000007708000000100000000078740027687474703A2F2F6C6F63616C686F73743A31303030312F61757468636C69656E742F6C6F67696E707371007E002A770C000000103F40000000000000787371007E002A770C000000103F4000000000000171007E0021787372004F6F72672E737072696E676672616D65776F726B2E73656375726974792E61757468656E7469636174696F6E2E557365726E616D6550617373776F726441757468656E7469636174696F6E546F6B656E000000000000019A0200024C000B63726564656E7469616C7371007E00054C00097072696E636970616C71007E00057871007E0003017371007E00077371007E000B0000000177040000000171007E000F7871007E0035737200486F72672E737072696E676672616D65776F726B2E73656375726974792E7765622E61757468656E7469636174696F6E2E57656241757468656E7469636174696F6E44657461696C73000000000000019A0200024C000D72656D6F74654164647265737371007E000E4C000973657373696F6E496471007E000E787074000F303A303A303A303A303A303A303A3174002037463344443435383237353730353642423138373332453539363243453244307073720044636F6D2E6F7272696E2E737072696E672E636C6F75642E73656375726974792E6F617468322E617574682E636F6E6669672E43757272656E7453657373696F6E557365721052289E29BC61E002000B4C00116163636F756E744E6F6E457870697265647400104C6A6176612F6C616E672F4C6F6E673B4C00106163636F756E744E6F6E4C6F636B656471007E003B4C001563726564656E7469616C734E6F6E4578706972656471007E003B4C0005646570496471007E000E4C00076465704E616D6571007E000E4C0007656E61626C656471007E003B4C00046E616D6571007E000E4C000870617373776F726471007E000E4C0005726F6C657371007E00084C000675736572496471007E000E4C0008757365726E616D6571007E000E78707372000E6A6176612E6C616E672E4C6F6E673B8BE490CC8F23DF0200014A000576616C7565787200106A6176612E6C616E672E4E756D62657286AC951D0B94E08B0200007870000000000000000171007E003F71007E003F707071007E003F740009E7AEA1E79086E591987400063132333435367371007E000B000000017704000000017372003F636F6D2E6F7272696E2E737072696E672E636C6F75642E73656375726974792E6F617468322E617574682E646F6D61696E2E5379735573657273526F6C657300000000000000010200034C0002696471007E000E4C0006726F6C65496471007E000E4C000675736572496471007E000E78707400013171007E00107400067530303030317874000675303030303174000561646D696E);
INSERT INTO `oauth_refresh_token` VALUES ('76b775dbdfbb0296f56a81d3cb5e153c', 0xACED00057372004C6F72672E737072696E676672616D65776F726B2E73656375726974792E6F61757468322E636F6D6D6F6E2E44656661756C744578706972696E674F417574683252656672657368546F6B656E2FDF47639DD0C9B70200014C000A65787069726174696F6E7400104C6A6176612F7574696C2F446174653B787200446F72672E737072696E676672616D65776F726B2E73656375726974792E6F61757468322E636F6D6D6F6E2E44656661756C744F417574683252656672657368546F6B656E73E10E0A6354D45E0200014C000576616C75657400124C6A6176612F6C616E672F537472696E673B787074002462363033386235342D333064662D346137322D386261612D3535633636373261383565347372000E6A6176612E7574696C2E44617465686A81014B597419030000787077080000015DD5C63C1878, 0xACED0005737200416F72672E737072696E676672616D65776F726B2E73656375726974792E6F61757468322E70726F76696465722E4F417574683241757468656E7469636174696F6EBD400B02166252130200024C000D73746F7265645265717565737474003C4C6F72672F737072696E676672616D65776F726B2F73656375726974792F6F61757468322F70726F76696465722F4F4175746832526571756573743B4C00127573657241757468656E7469636174696F6E7400324C6F72672F737072696E676672616D65776F726B2F73656375726974792F636F72652F41757468656E7469636174696F6E3B787200476F72672E737072696E676672616D65776F726B2E73656375726974792E61757468656E7469636174696F6E2E416273747261637441757468656E7469636174696F6E546F6B656ED3AA287E6E47640E0200035A000D61757468656E746963617465644C000B617574686F7269746965737400164C6A6176612F7574696C2F436F6C6C656374696F6E3B4C000764657461696C737400124C6A6176612F6C616E672F4F626A6563743B787000737200266A6176612E7574696C2E436F6C6C656374696F6E7324556E6D6F6469666961626C654C697374FC0F2531B5EC8E100200014C00046C6973747400104C6A6176612F7574696C2F4C6973743B7872002C6A6176612E7574696C2E436F6C6C656374696F6E7324556E6D6F6469666961626C65436F6C6C656374696F6E19420080CB5EF71E0200014C00016371007E00047870737200136A6176612E7574696C2E41727261794C6973747881D21D99C7619D03000149000473697A65787000000002770400000002737200426F72672E737072696E676672616D65776F726B2E73656375726974792E636F72652E617574686F726974792E53696D706C654772616E746564417574686F72697479000000000000019A0200014C0004726F6C657400124C6A6176612F6C616E672F537472696E673B7870740001317371007E000D740001327871007E000C707372003A6F72672E737072696E676672616D65776F726B2E73656375726974792E6F61757468322E70726F76696465722E4F41757468325265717565737400000000000000010200075A0008617070726F7665644C000B617574686F72697469657371007E00044C000A657874656E73696F6E7374000F4C6A6176612F7574696C2F4D61703B4C000B726564697265637455726971007E000E4C00077265667265736874003B4C6F72672F737072696E676672616D65776F726B2F73656375726974792F6F61757468322F70726F76696465722F546F6B656E526571756573743B4C000B7265736F7572636549647374000F4C6A6176612F7574696C2F5365743B4C000D726573706F6E7365547970657371007E0016787200386F72672E737072696E676672616D65776F726B2E73656375726974792E6F61757468322E70726F76696465722E426173655265717565737436287A3EA37169BD0200034C0008636C69656E74496471007E000E4C001172657175657374506172616D657465727371007E00144C000573636F706571007E0016787074000461636D65737200256A6176612E7574696C2E436F6C6C656374696F6E7324556E6D6F6469666961626C654D6170F1A5A8FE74F507420200014C00016D71007E00147870737200116A6176612E7574696C2E486173684D61700507DAC1C31660D103000246000A6C6F6164466163746F724900097468726573686F6C6478703F4000000000000C77080000001000000006740004636F646574000641356C73753374000A6772616E745F74797065740012617574686F72697A6174696F6E5F636F646574000D726573706F6E73655F74797065740004636F646574000C72656469726563745F757269740027687474703A2F2F6C6F63616C686F73743A31303030312F61757468636C69656E742F6C6F67696E7400057374617465740006704A4C447047740009636C69656E745F696471007E001978737200256A6176612E7574696C2E436F6C6C656374696F6E7324556E6D6F6469666961626C65536574801D92D18F9B80550200007871007E0009737200176A6176612E7574696C2E4C696E6B656448617368536574D86CD75A95DD2A1E020000787200116A6176612E7574696C2E48617368536574BA44859596B8B7340300007870770C000000103F400000000000017400066F70656E696478017371007E002C770C000000103F40000000000000787371007E001C3F400000000000007708000000100000000078740027687474703A2F2F6C6F63616C686F73743A31303030312F61757468636C69656E742F6C6F67696E707371007E002C770C000000103F40000000000000787371007E002C770C000000103F4000000000000171007E0023787372004F6F72672E737072696E676672616D65776F726B2E73656375726974792E61757468656E7469636174696F6E2E557365726E616D6550617373776F726441757468656E7469636174696F6E546F6B656E000000000000019A0200024C000B63726564656E7469616C7371007E00054C00097072696E636970616C71007E00057871007E0003017371007E00077371007E000B0000000277040000000271007E000F71007E00117871007E0037737200486F72672E737072696E676672616D65776F726B2E73656375726974792E7765622E61757468656E7469636174696F6E2E57656241757468656E7469636174696F6E44657461696C73000000000000019A0200024C000D72656D6F74654164647265737371007E000E4C000973657373696F6E496471007E000E787074000F303A303A303A303A303A303A303A3174002039414138413236344245324541334642313034394644383834443836323945377073720044636F6D2E6F7272696E2E737072696E672E636C6F75642E73656375726974792E6F617468322E617574682E636F6E6669672E43757272656E7453657373696F6E557365721052289E29BC61E002000B4C00116163636F756E744E6F6E457870697265647400104C6A6176612F6C616E672F4C6F6E673B4C00106163636F756E744E6F6E4C6F636B656471007E003D4C001563726564656E7469616C734E6F6E4578706972656471007E003D4C0005646570496471007E000E4C00076465704E616D6571007E000E4C0007656E61626C656471007E003D4C00046E616D6571007E000E4C000870617373776F726471007E000E4C0005726F6C657371007E00084C000675736572496471007E000E4C0008757365726E616D6571007E000E78707372000E6A6176612E6C616E672E4C6F6E673B8BE490CC8F23DF0200014A000576616C7565787200106A6176612E6C616E672E4E756D62657286AC951D0B94E08B0200007870000000000000000171007E004171007E0041707071007E0041740009E7AEA1E79086E591987400063132333435367371007E000B000000027704000000027372003F636F6D2E6F7272696E2E737072696E672E636C6F75642E73656375726974792E6F617468322E617574682E646F6D61696E2E5379735573657273526F6C657300000000000000010200034C0002696471007E000E4C0006726F6C65496471007E000E4C000675736572496471007E000E78707400013171007E00107400067530303030317371007E00457400013271007E00127400067530303030317874000675303030303174000561646D696E);

-- ----------------------------
-- Table structure for persistent_logins
-- ----------------------------
DROP TABLE IF EXISTS `persistent_logins`;
CREATE TABLE `persistent_logins` (
  `username` varchar(64) DEFAULT NULL,
  `series` varchar(64) NOT NULL,
  `token` varchar(64) DEFAULT NULL,
  `last_used` timestamp NOT NULL DEFAULT CURRENT_TIMESTAMP ON UPDATE CURRENT_TIMESTAMP,
  PRIMARY KEY (`series`)
) ENGINE=InnoDB DEFAULT CHARSET=utf8 COMMENT='spring remember me 持久化';

-- ----------------------------
-- Records of persistent_logins
-- ----------------------------

-- ----------------------------
-- Table structure for sys_authorities
-- ----------------------------
DROP TABLE IF EXISTS `sys_authorities`;
CREATE TABLE `sys_authorities` (
  `authority_id` varchar(100) NOT NULL COMMENT '权限id',
  `authority_mark` varchar(100) DEFAULT NULL COMMENT '权限标识',
  `authority_name` varchar(100) NOT NULL COMMENT '权限名称',
  `authority_desc` varchar(200) DEFAULT NULL COMMENT '权限说明',
  `message` varchar(100) DEFAULT NULL COMMENT '提示信息',
  `enable` int(11) DEFAULT NULL COMMENT '是否可用',
  `issys` int(11) DEFAULT NULL COMMENT '是否系统权限',
  `module_id` varchar(100) DEFAULT NULL COMMENT '模块',
  PRIMARY KEY (`authority_id`)
) ENGINE=InnoDB DEFAULT CHARSET=utf8;

-- ----------------------------
-- Records of sys_authorities
-- ----------------------------
INSERT INTO `sys_authorities` VALUES ('1', 'AUTH_INDEX', '首页权限', '首页权限', null, '1', '1', 'm001');
INSERT INTO `sys_authorities` VALUES ('2', 'AUTH_ADMIN', '管理权限', '管理权限', null, '1', '1', 'm001');

-- ----------------------------
-- Table structure for sys_authorities_resources
-- ----------------------------
DROP TABLE IF EXISTS `sys_authorities_resources`;
CREATE TABLE `sys_authorities_resources` (
  `id` varchar(100) NOT NULL,
  `resource_id` varchar(100) NOT NULL COMMENT '资源id',
  `authority_id` varchar(100) NOT NULL COMMENT '权限id',
  PRIMARY KEY (`id`)
) ENGINE=InnoDB DEFAULT CHARSET=utf8;

-- ----------------------------
-- Records of sys_authorities_resources
-- ----------------------------
INSERT INTO `sys_authorities_resources` VALUES ('1', '1', '1');
INSERT INTO `sys_authorities_resources` VALUES ('2', '2', '1');
INSERT INTO `sys_authorities_resources` VALUES ('3', '3', '2');

-- ----------------------------
-- Table structure for sys_modules
-- ----------------------------
DROP TABLE IF EXISTS `sys_modules`;
CREATE TABLE `sys_modules` (
  `module_id` varchar(100) NOT NULL COMMENT '模块id',
  `module_name` varchar(100) NOT NULL COMMENT '模块名称',
  `module_desc` varchar(200) DEFAULT NULL COMMENT '模块说明',
  `module_type` varchar(100) DEFAULT NULL COMMENT '模块类型',
  `parent` varchar(100) DEFAULT NULL COMMENT '模块上级',
  `module_url` varchar(100) DEFAULT NULL COMMENT '模块地址',
  `i_level` int(11) DEFAULT NULL COMMENT '菜单级别',
  `leaf` int(11) DEFAULT NULL COMMENT '最下级',
  `application` varchar(100) DEFAULT NULL COMMENT '应用名称',
  `controller` varchar(100) DEFAULT NULL COMMENT '控制器名称',
  `enable` int(1) DEFAULT NULL COMMENT '是否可用',
  `priority` int(11) DEFAULT NULL COMMENT '优先级',
  PRIMARY KEY (`module_id`)
) ENGINE=InnoDB DEFAULT CHARSET=utf8;

-- ----------------------------
-- Records of sys_modules
-- ----------------------------
INSERT INTO `sys_modules` VALUES ('m001', 'm_sys', '系统管理模块', 'mt001', null, null, null, null, null, null, '1', null);
INSERT INTO `sys_modules` VALUES ('m002', 'm_user', '用户管理', 'mt001', null, null, null, null, null, null, '1', null);

-- ----------------------------
-- Table structure for sys_resources
-- ----------------------------
DROP TABLE IF EXISTS `sys_resources`;
CREATE TABLE `sys_resources` (
  `resource_id` varchar(100) NOT NULL COMMENT '资源id',
  `resource_type` varchar(100) DEFAULT NULL COMMENT 'url,method',
  `resource_name` varchar(100) DEFAULT NULL COMMENT '资源名称',
  `resource_desc` varchar(200) DEFAULT NULL COMMENT '资源描述',
  `resource_path` varchar(200) DEFAULT NULL COMMENT '资源路径',
  `priority` varchar(100) DEFAULT NULL COMMENT '优先级',
  `enable` int(11) DEFAULT NULL COMMENT '是否可用',
  `issys` int(11) DEFAULT NULL COMMENT '是否系统权限',
  `module_id` varchar(100) DEFAULT NULL COMMENT '模块',
  PRIMARY KEY (`resource_id`)
) ENGINE=InnoDB DEFAULT CHARSET=utf8;

-- ----------------------------
-- Records of sys_resources
-- ----------------------------
INSERT INTO `sys_resources` VALUES ('1', 'url', '首页', '首页', '/', null, '1', '1', 'm001');
INSERT INTO `sys_resources` VALUES ('2', 'url', '首页', '首页', '/index', null, '1', '1', 'm001');
INSERT INTO `sys_resources` VALUES ('3', 'url', '管理页面', '管理页面', '/admin', null, '1', '1', 'm001');

-- ----------------------------
-- Table structure for sys_roles
-- ----------------------------
DROP TABLE IF EXISTS `sys_roles`;
CREATE TABLE `sys_roles` (
  `role_id` varchar(100) NOT NULL COMMENT '角色id',
  `role_name` varchar(100) DEFAULT NULL COMMENT '角色名称',
  `role_desc` varchar(200) DEFAULT NULL COMMENT '角色说明',
  `enable` int(11) DEFAULT NULL COMMENT '是否可用',
  `issys` int(11) DEFAULT NULL COMMENT '是否系统权限',
  `module_id` varchar(100) DEFAULT NULL COMMENT '模块',
  PRIMARY KEY (`role_id`)
) ENGINE=InnoDB DEFAULT CHARSET=utf8;

-- ----------------------------
-- Records of sys_roles
-- ----------------------------
INSERT INTO `sys_roles` VALUES ('1', 'ROLE_ADMIN', '管理员权限', '1', '1', 'm002');
INSERT INTO `sys_roles` VALUES ('2', 'ROLE_USER', '普通用户权限', '1', '1', 'm002');

-- ----------------------------
-- Table structure for sys_roles_authorities
-- ----------------------------
DROP TABLE IF EXISTS `sys_roles_authorities`;
CREATE TABLE `sys_roles_authorities` (
  `id` varchar(100) NOT NULL,
  `authority_id` varchar(100) NOT NULL COMMENT '权限id',
  `role_id` varchar(100) NOT NULL COMMENT '角色id',
  PRIMARY KEY (`id`)
) ENGINE=InnoDB DEFAULT CHARSET=utf8;

-- ----------------------------
-- Records of sys_roles_authorities
-- ----------------------------
INSERT INTO `sys_roles_authorities` VALUES ('1', '1', '1');
INSERT INTO `sys_roles_authorities` VALUES ('2', '1', '2');
INSERT INTO `sys_roles_authorities` VALUES ('3', '2', '1');

-- ----------------------------
-- Table structure for sys_roles_moudles
-- ----------------------------
DROP TABLE IF EXISTS `sys_roles_moudles`;
CREATE TABLE `sys_roles_moudles` (
  `id` varchar(100) NOT NULL,
  `module_id` varchar(100) NOT NULL COMMENT '模块id',
  `role_id` varchar(100) NOT NULL COMMENT '角色id',
  PRIMARY KEY (`id`)
) ENGINE=InnoDB DEFAULT CHARSET=utf8 COMMENT='控制角色对模块的访问权，主要用于生成菜单';

-- ----------------------------
-- Records of sys_roles_moudles
-- ----------------------------

-- ----------------------------
-- Table structure for sys_users
-- ----------------------------
DROP TABLE IF EXISTS `sys_users`;
CREATE TABLE `sys_users` (
  `user_id` varchar(100) NOT NULL COMMENT '用户id',
  `username` varchar(100) NOT NULL COMMENT '用户名',
  `name` varchar(100) DEFAULT NULL COMMENT '用户姓名',
  `password` varchar(100) NOT NULL COMMENT '密码',
  `dt_create` date DEFAULT NULL COMMENT '创建日期',
  `last_login` date DEFAULT NULL COMMENT '最后登录日期',
  `deadline` date DEFAULT NULL COMMENT '截止日期',
  `login_ip` varchar(100) DEFAULT NULL COMMENT '最后登录ip地址',
  `v_qzjgid` varchar(100) DEFAULT NULL COMMENT '所属机构id',
  `v_qzjgmc` varchar(100) DEFAULT NULL COMMENT '所属机构名称',
  `dep_id` varchar(100) DEFAULT NULL COMMENT '地区编号',
  `dep_name` varchar(100) DEFAULT NULL COMMENT '地区名称',
  `enabled` int(11) DEFAULT NULL COMMENT '是否可用',
  `account_non_expired` int(11) DEFAULT NULL COMMENT '用户是否过期',
  `account_non_locked` int(11) DEFAULT NULL COMMENT '用户是否锁定',
  `credentials_non_expired` int(11) DEFAULT NULL COMMENT '用户证书是否有效',
  PRIMARY KEY (`user_id`)
) ENGINE=InnoDB DEFAULT CHARSET=utf8;

-- ----------------------------
-- Records of sys_users
-- ----------------------------
INSERT INTO `sys_users` VALUES ('u00001', 'admin', '管理员', '123456', null, null, null, null, null, null, null, null, '1', '1', '1', '1');
INSERT INTO `sys_users` VALUES ('u00002', 'user', '用户', '123456', null, null, null, null, null, null, null, null, '1', '1', '1', '1');

-- ----------------------------
-- Table structure for sys_users_roles
-- ----------------------------
DROP TABLE IF EXISTS `sys_users_roles`;
CREATE TABLE `sys_users_roles` (
  `id` varchar(100) NOT NULL,
  `role_id` varchar(100) NOT NULL COMMENT '角色id',
  `user_id` varchar(100) NOT NULL COMMENT '用户id',
  PRIMARY KEY (`id`)
) ENGINE=InnoDB DEFAULT CHARSET=utf8;

-- ----------------------------
-- Records of sys_users_roles
-- ----------------------------
INSERT INTO `sys_users_roles` VALUES ('1', '1', 'u00001');
INSERT INTO `sys_users_roles` VALUES ('2', '2', 'u00001');
INSERT INTO `sys_users_roles` VALUES ('3', '2', 'u00002');
